valid_time,number,latitude,longitude,expver,msl
2006-01-01,0,-44.0,173.0,0001,100981.75
2006-02-01,0,-44.0,173.0,0001,101314.875
2006-03-01,0,-44.0,173.0,0001,101437.19
2006-04-01,0,-44.0,173.0,0001,100952.31
2006-05-01,0,-44.0,173.0,0001,101409.75
2006-06-01,0,-44.0,173.0,0001,101619.375
2006-07-01,0,-44.0,173.0,0001,101580.06
2006-08-01,0,-44.0,173.0,0001,101191.625
2006-09-01,0,-44.0,173.0,0001,101505.75
2006-10-01,0,-44.0,173.0,0001,101093.75
2006-11-01,0,-44.0,173.0,0001,100672.94
2006-12-01,0,-44.0,173.0,0001,101209.0
2007-01-01,0,-44.0,173.0,0001,101249.56
2007-02-01,0,-44.0,173.0,0001,102035.19
2007-03-01,0,-44.0,173.0,0001,101313.5
2007-04-01,0,-44.0,173.0,0001,101610.0
2007-05-01,0,-44.0,173.0,0001,101542.75
2007-06-01,0,-44.0,173.0,0001,100932.125
2007-07-01,0,-44.0,173.0,0001,101374.125
2007-08-01,0,-44.0,173.0,0001,101164.75
2007-09-01,0,-44.0,173.0,0001,101568.0
2007-10-01,0,-44.0,173.0,0001,100591.875
2007-11-01,0,-44.0,173.0,0001,101395.56
2007-12-01,0,-44.0,173.0,0001,101735.81
2008-01-01,0,-44.0,173.0,0001,101601.125
2008-02-01,0,-44.0,173.0,0001,101196.375
2008-03-01,0,-44.0,173.0,0001,101730.69
2008-04-01,0,-44.0,173.0,0001,101646.625
2008-05-01,0,-44.0,173.0,0001,101553.31
2008-06-01,0,-44.0,173.0,0001,101279.06
2008-07-01,0,-44.0,173.0,0001,101086.69
2008-08-01,0,-44.0,173.0,0001,100881.75
2008-09-01,0,-44.0,173.0,0001,101339.375
2008-10-01,0,-44.0,173.0,0001,101165.56
2008-11-01,0,-44.0,173.0,0001,100974.375
2008-12-01,0,-44.0,173.0,0001,100790.31
2009-01-01,0,-44.0,173.0,0001,101181.75
2009-02-01,0,-44.0,173.0,0001,101327.06
2009-03-01,0,-44.0,173.0,0001,101555.0
2009-04-01,0,-44.0,173.0,0001,101896.69
2009-05-01,0,-44.0,173.0,0001,100937.75
2009-06-01,0,-44.0,173.0,0001,101861.69
2009-07-01,0,-44.0,173.0,0001,100812.625
2009-08-01,0,-44.0,173.0,0001,101268.0
2009-09-01,0,-44.0,173.0,0001,101476.0
2009-10-01,0,-44.0,173.0,0001,101098.5
2009-11-01,0,-44.0,173.0,0001,100809.69
2009-12-01,0,-44.0,173.0,0001,101198.81
2010-01-01,0,-44.0,173.0,0001,101126.375
2010-02-01,0,-44.0,173.0,0001,101837.125
2010-03-01,0,-44.0,173.0,0001,101465.44
2010-04-01,0,-44.0,173.0,0001,101407.125
2010-05-01,0,-44.0,173.0,0001,101477.06
2010-06-01,0,-44.0,173.0,0001,101337.69
2010-07-01,0,-44.0,173.0,0001,101929.0
2010-08-01,0,-44.0,173.0,0001,100987.44
2010-09-01,0,-44.0,173.0,0001,100365.69
2010-10-01,0,-44.0,173.0,0001,102027.94
2010-11-01,0,-44.0,173.0,0001,101861.25
2010-12-01,0,-44.0,173.0,0001,101138.5
2011-01-01,0,-44.0,173.0,0001,101248.625
2011-02-01,0,-44.0,173.0,0001,101392.25
2011-03-01,0,-44.0,173.0,0001,101617.375
2011-04-01,0,-44.0,173.0,0001,101715.69
2011-05-01,0,-44.0,173.0,0001,100972.0
2011-06-01,0,-44.0,173.0,0001,101282.625
2011-07-01,0,-44.0,173.0,0001,100643.25
2011-08-01,0,-44.0,173.0,0001,101653.81
2011-09-01,0,-44.0,173.0,0001,101078.625
2011-10-01,0,-44.0,173.0,0001,101380.06
2011-11-01,0,-44.0,173.0,0001,100849.25
2011-12-01,0,-44.0,173.0,0001,101604.56
2012-01-01,0,-44.0,173.0,0001,100943.94
2012-02-01,0,-44.0,173.0,0001,101563.31
2012-03-01,0,-44.0,173.0,0001,101755.94
2012-04-01,0,-44.0,173.0,0001,101997.875
2012-05-01,0,-44.0,173.0,0001,101534.625
2012-06-01,0,-44.0,173.0,0001,101055.69
2012-07-01,0,-44.0,173.0,0001,101969.625
2012-08-01,0,-44.0,173.0,0001,101445.25
2012-09-01,0,-44.0,173.0,0001,101122.19
2012-10-01,0,-44.0,173.0,0001,100376.75
2012-11-01,0,-44.0,173.0,0001,101230.75
2012-12-01,0,-44.0,173.0,0001,101121.75
2013-01-01,0,-44.0,173.0,0001,101118.625
2013-02-01,0,-44.0,173.0,0001,101859.56
2013-03-01,0,-44.0,173.0,0001,101651.19
2013-04-01,0,-44.0,173.0,0001,101342.56
2013-05-01,0,-44.0,173.0,0001,101198.06
2013-06-01,0,-44.0,173.0,0001,101330.81
2013-07-01,0,-44.0,173.0,0001,101815.5
2013-08-01,0,-44.0,173.0,0001,101094.5
2013-09-01,0,-44.0,173.0,0001,100991.75
2013-10-01,0,-44.0,173.0,0001,100545.75
2013-11-01,0,-44.0,173.0,0001,101442.125
2013-12-01,0,-44.0,173.0,0001,100936.31
2014-01-01,0,-44.0,173.0,0001,100755.25
2014-02-01,0,-44.0,173.0,0001,101310.875
2014-03-01,0,-44.0,173.0,0001,101939.56
2014-04-01,0,-44.0,173.0,0001,101530.0
2014-05-01,0,-44.0,173.0,0001,101197.81
2014-06-01,0,-44.0,173.0,0001,101653.375
2014-07-01,0,-44.0,173.0,0001,101164.5
2014-08-01,0,-44.0,173.0,0001,101886.875
2014-09-01,0,-44.0,173.0,0001,101080.94
2014-10-01,0,-44.0,173.0,0001,100850.625
2014-11-01,0,-44.0,173.0,0001,100460.375
2014-12-01,0,-44.0,173.0,0001,101569.56
2015-01-01,0,-44.0,173.0,0001,101477.0
2015-02-01,0,-44.0,173.0,0001,101650.75
2015-03-01,0,-44.0,173.0,0001,101209.81
2015-04-01,0,-44.0,173.0,0001,101402.19
2015-05-01,0,-44.0,173.0,0001,101015.69
2015-06-01,0,-44.0,173.0,0001,101093.56
2015-07-01,0,-44.0,173.0,0001,101497.75
2015-08-01,0,-44.0,173.0,0001,101451.875
2015-09-01,0,-44.0,173.0,0001,101455.75
2015-10-01,0,-44.0,173.0,0001,101243.06
2015-11-01,0,-44.0,173.0,0001,101201.75
2015-12-01,0,-44.0,173.0,0001,101260.625
2016-01-01,0,-44.0,173.0,0001,101351.875
2016-02-01,0,-44.0,173.0,0001,101258.0
2016-03-01,0,-44.0,173.0,0001,101915.06
2016-04-01,0,-44.0,173.0,0001,101823.125
2016-05-01,0,-44.0,173.0,0001,100336.94
2016-06-01,0,-44.0,173.0,0001,101505.19
2016-07-01,0,-44.0,173.0,0001,100709.5
2016-08-01,0,-44.0,173.0,0001,101542.31
2016-09-01,0,-44.0,173.0,0001,101450.81
2016-10-01,0,-44.0,173.0,0001,100762.31
2016-11-01,0,-44.0,173.0,0001,100256.125
2016-12-01,0,-44.0,173.0,0001,100927.125
2017-01-01,0,-44.0,173.0,0001,100362.31
2017-02-01,0,-44.0,173.0,0001,101508.25
2017-03-01,0,-44.0,173.0,0001,101678.5
2017-04-01,0,-44.0,173.0,0001,101613.31
2017-05-01,0,-44.0,173.0,0001,101750.06
2017-06-01,0,-44.0,173.0,0001,101726.0
2017-07-01,0,-44.0,173.0,0001,101044.31
2017-08-01,0,-44.0,173.0,0001,101080.94
2017-09-01,0,-44.0,173.0,0001,100277.125
2017-10-01,0,-44.0,173.0,0001,101304.81
2017-11-01,0,-44.0,173.0,0001,101915.06
2017-12-01,0,-44.0,173.0,0001,101276.0
2018-01-01,0,-44.0,173.0,0001,101284.19
2018-02-01,0,-44.0,173.0,0001,100955.0
2018-03-01,0,-44.0,173.0,0001,101594.19
2018-04-01,0,-44.0,173.0,0001,100970.75
2018-05-01,0,-44.0,173.0,0001,101112.69
2018-06-01,0,-44.0,173.0,0001,101679.81
2018-07-01,0,-44.0,173.0,0001,101017.44
2018-08-01,0,-44.0,173.0,0001,100865.625
2018-09-01,0,-44.0,173.0,0001,101431.125
2018-10-01,0,-44.0,173.0,0001,101625.06
2018-11-01,0,-44.0,173.0,0001,101109.56
2018-12-01,0,-44.0,173.0,0001,101243.625
2019-01-01,0,-44.0,173.0,0001,101054.31
2019-02-01,0,-44.0,173.0,0001,101360.875
2019-03-01,0,-44.0,173.0,0001,102094.625
2019-04-01,0,-44.0,173.0,0001,101962.56
2019-05-01,0,-44.0,173.0,0001,101342.875
2019-06-01,0,-44.0,173.0,0001,101459.0
2019-07-01,0,-44.0,173.0,0001,100961.25
2019-08-01,0,-44.0,173.0,0001,100453.56
2019-09-01,0,-44.0,173.0,0001,100975.75
2019-10-01,0,-44.0,173.0,0001,100935.625
2019-11-01,0,-44.0,173.0,0001,100749.5
2019-12-01,0,-44.0,173.0,0001,100735.375
2020-01-01,0,-44.0,173.0,0001,101322.125
2020-02-01,0,-44.0,173.0,0001,101353.375
2020-03-01,0,-44.0,173.0,0001,101633.31
2020-04-01,0,-44.0,173.0,0001,101142.625
2020-05-01,0,-44.0,173.0,0001,101921.19
2020-06-01,0,-44.0,173.0,0001,101843.375
2020-07-01,0,-44.0,173.0,0001,101609.0
2020-08-01,0,-44.0,173.0,0001,101028.875
2020-09-01,0,-44.0,173.0,0001,101242.0
2020-10-01,0,-44.0,173.0,0001,101901.125
2020-11-01,0,-44.0,173.0,0001,101193.375
2020-12-01,0,-44.0,173.0,0001,101193.94
2021-01-01,0,-44.0,173.0,0001,100866.94
2021-02-01,0,-44.0,173.0,0001,101771.25
2021-03-01,0,-44.0,173.0,0001,101510.94
2021-04-01,0,-44.0,173.0,0001,100967.19
2021-05-01,0,-44.0,173.0,0001,101571.125
2021-06-01,0,-44.0,173.0,0001,101754.19
2021-07-01,0,-44.0,173.0,0001,101111.375
2021-08-01,0,-44.0,173.0,0001,101361.19
2021-09-01,0,-44.0,173.0,0001,101148.94
2021-10-01,0,-44.0,173.0,0001,101323.19
2021-11-01,0,-44.0,173.0,0001,101519.5
2021-12-01,0,-44.0,173.0,0001,101144.56
2022-01-01,0,-44.0,173.0,0001,101708.69
2022-02-01,0,-44.0,173.0,0001,101817.0
2022-03-01,0,-44.0,173.0,0001,102037.75
2022-04-01,0,-44.0,173.0,0001,101834.69
2022-05-01,0,-44.0,173.0,0001,101616.81
2022-06-01,0,-44.0,173.0,0001,100770.31
2022-07-01,0,-44.0,173.0,0001,101402.375
2022-08-01,0,-44.0,173.0,0001,101822.5
2022-09-01,0,-44.0,173.0,0001,101845.81
2022-10-01,0,-44.0,173.0,0001,101692.0
2022-11-01,0,-44.0,173.0,0001,100710.125
2022-12-01,0,-44.0,173.0,0001,101470.56
2023-01-01,0,-44.0,173.0,0001,101713.125
2023-02-01,0,-44.0,173.0,0001,101332.75
2023-03-01,0,-44.0,173.0,0001,101176.625
2023-04-01,0,-44.0,173.0,0001,101600.06
2023-05-01,0,-44.0,173.0,0001,101132.31
2023-06-01,0,-44.0,173.0,0001,101366.5
2023-07-01,0,-44.0,173.0,0001,100796.56
2023-08-01,0,-44.0,173.0,0001,101542.44
2023-09-01,0,-44.0,173.0,0001,101444.625
2023-10-01,0,-44.0,173.0,0001,101271.06
2023-11-01,0,-44.0,173.0,0001,101515.06
2023-12-01,0,-44.0,173.0,0001,101179.25
2024-01-01,0,-44.0,173.0,0001,101269.375
2024-02-01,0,-44.0,173.0,0001,101343.25
2024-03-01,0,-44.0,173.0,0001,101264.75
2024-04-01,0,-44.0,173.0,0001,101526.44
2024-05-01,0,-44.0,173.0,0001,101634.625
2024-06-01,0,-44.0,173.0,0001,101627.625
2024-07-01,0,-44.0,173.0,0001,101848.625
2024-08-01,0,-44.0,173.0,0001,101383.625
2024-09-01,0,-44.0,173.0,0001,100816.94
2024-10-01,0,-44.0,173.0,0001,101150.31
2024-11-01,0,-44.0,173.0,0001,101637.81
2024-12-01,0,-44.0,173.0,0001,100731.625
2025-01-01,0,-44.0,173.0,0001,101337.69
2025-02-01,0,-44.0,173.0,0001,101683.625
2025-03-01,0,-44.0,173.0,0001,101769.0
2025-04-01,0,-44.0,173.0,0001,101617.69
2025-05-01,0,-44.0,173.0,0001,101660.5
2025-06-01,0,-44.0,173.0,0001,101302.375
2025-07-01,0,-44.0,173.0,0001,101562.44
2025-08-01,0,-44.0,173.0,0001,101907.125
2025-09-01,0,-44.0,173.0,0001,100660.875
2025-10-01,0,-44.0,173.0,0001,100377.75
2025-11-01,0,-44.0,173.0,0001,100984.0
2025-12-01,0,-44.0,173.0,0001,100770.125
