X,Y,OBJECTID,RIVER,SITENAME,SITE,TIM_CHCH,TELEMETERED,LAST_SAMPLE,LAST_HOUR,RAIN_TODAY,RAIN_1_DAY_AGO,RAIN_2_DAYS_AGO,RAIN_3_DAYS_AGO,RAIN_4_DAYS_AGO,RAIN_5_DAYS_AGO,RAIN_6_DAYS_AGO,RAIN_7_DAYS_AGO,TOTAL_RAINFALL,ALTITUDE,NZMGX,NZMGY,NZMS260,NZTMX,NZTMY,NZTOPO50,SITENUMBER
2434211.1,5103606.1,77,Tutuiri (Chatham Island) at Schist Outcrop,Schist Outcrop,Tutuiri (Chatham Island) at Schist Outcrop,C,T,2026/04/09 00:00:00+00,0,1.5,0,0,0,0,0,0,0,1.5,15,3345241,5666875,,2434211,5103606,,986108
1507022,5266024,3372,Waimakariri at Mount Byrne,Mount Byrne,Waimakariri at Mount Byrne,C,T,2026/04/09 00:00:00+00,0.5,24.5,35.5,9.5,0,3.5,35,6.5,0,114.5,1418,2416998,5827659,L33:16998-27659,1507022,5266024,BU21:0702-6602,217810
1506391,5253154,3388,Waimakariri at Ranger Stream,Ranger Stream,Waimakariri at Ranger Stream,C,T,2026/04/09 00:00:00+00,0,7.5,21,3.5,0,3,5,0,0,40,625,2416369,5814786,L33:16369-14786,1506391,5253154,BV21:0639-5315,218810
1482760,5244669,3400,Waimakariri at Arthur's Pass,Arthur's Pass,Waimakariri at Arthur's Pass,C,T,2026/04/09 00:00:00+00,0,6.5,40,10.5,0,8.5,32,2.5,0,100,750,2392733,5806296,K33:92733-06296,1482760,5244669,BV20:8276-4466,219510
1515946,5249806,3403,Waimakariri at Bull Creek,Bull Creek,Waimakariri at Bull Creek,C,T,2026/04/09 00:00:00+00,0,5.5,7.5,1,0,1,4.5,0,0,19.5,745,2425927,5811438,L33:25927-11438,1515946,5249806,BV21:1594-4980,219910
1571497,5325514,3415,Waiau Uwha at Maling Pass,Maling Pass,Waiau Uwha at Maling Pass,C,T,2026/04/09 00:00:00+00,0,1,2.5,0,0,0,0,0,0,3.5,832,2481485,5887176,M31:81485-87176,1571497,5325514,BT24:7149-2551,222610
1559748,5284621,3447,Waiau Uwha at Glynn Wye,Glynn Wye,Waiau Uwha at Glynn Wye,C,T,2026/04/08 23:55:00+00,0,0.5,0,0,0,0,0,0,0,0.5,410,2469738,5846268,M32:69738-46268,1559748,5284621,BU23:5974-8462,226510
1562429,5262273,3455,Hurunui at Mandamus,Mandamus,Hurunui at Mandamus,C,T,2026/04/09 00:00:00+00,0,0,0,0.5,6.5,17.5,0,0,0,24.5,300,2472423,5823913,M33:72423-23913,1562429,5262273,BU23:6242-6227,227510
1581327,5279063,3461,Waiau Uwha at Marble Point,Marble Point,Waiau Uwha at Marble Point,C,T,2026/04/09 00:00:00+00,0,0,0.5,0,3.5,5.5,0,0,0,9.5,270,2491325,5840710,N32:91325-40710,1581327,5279063,BU24:8132-7906,227810
1531115,5258663,3462,Hurunui at North Esk,North Esk,Hurunui at North Esk,C,T,2026/04/09 00:00:00+00,0,1,1,1,0,0,1,0,0,4,760,2441099,5820299,L33:41099-20299,1531115,5258663,BV22:3111-5866,228213
1674522,5337964,3492,Waiau Toa/Clarence at Shingle Fan,Shingle Fan,Waiau Toa/Clarence at Shingle Fan,C,T,2026/04/09 00:00:00+00,0,0,6,0,3.5,0,0,0,0,9.5,304,2584543,5899645,P30:84543-99645,1674522,5337964,BS28:7452-3796,231910
1658820,5321765,3496,Clinton at Clinton Ridge,Clinton Ridge,Clinton at Clinton Ridge,C,T,2026/04/09 00:00:00+00,0,0,1,0.5,1.5,0.5,0,0,0,3.5,731,2568840,5883438,O31:68840-83438,1658820,5321765,BT27:5882-2176,232710
1647311,5317009,3501,Kowhai at Snowflake Ridge,Snowflake Ridge,Kowhai at Snowflake Ridge,C,T,2026/04/09 00:05:00+00,0,0,2,0,1.5,4.5,0,0,0,8,1050,2557327,5878678,O31:57327-78678,1647311,5317009,BT27:4731-1700,233510
1651243,5312787,3511,Waimangarara at Luke Creek,Luke Creek,Waimangarara at Luke Creek,C,T,2026/04/09 00:10:00+00,0,0,0.5,0,9.5,20.5,0,0,0,30.5,335,2561262,5874456,O31:61262-74456,1651243,5312787,BT27:5124-1278,233610
1645295,5300212,3529,Rosy Morn at Tea Tree Terrace,Tea Tree Terrace,Rosy Morn at Tea Tree Terrace,C,T,2026/04/09 00:00:00+00,0,0,1,0,5.5,8.5,0,0,0,15,335,2555314,5861875,O31:55314-61875,1645295,5300212,BT27:4529-0021,234511
1611690,5280048,3549,Stanton at Cheddar Valley (ESNZ),Cheddar Valley(ESNZ),Stanton at Cheddar Valley (ESNZ),C,T,2026/04/09 00:00:00+00,0,0,0.5,0,0,2.5,0,0,0,3,152,2521699,5841699,N32:21699-41699,1611690,5280048,BU25:1169-8004,236113
1608601.5,5262188.1,3556,Waiau Uwha at Lowry Hills,Lowry Hills,Waiau Uwha at Lowry Hills,C,T,2026/04/09 00:00:00+00,0,0,0.5,0,1.5,1.5,0,0,0,3.5,239,2518611,5823832,N33:18611-23832,1608601,5262188,BU25:0860-6218,237101
1607705,5250954,3565,Hurunui at Hurunui SH1,Hurunui SH1,Hurunui at Hurunui SH1,C,T,2026/04/09 00:05:00+00,0,0,0,0.5,1.5,0.5,0,0,0,2.5,80,2517716,5812594,N33:17716-12594,1607705,5250954,BV25:0770-5095,239101
1413398,5186670,3608,Rangitata at Mistake Flats,Mistake Flats,Rangitata at Mistake Flats,C,T,2026/04/09 00:05:00+00,0,1,25,9.5,0.5,9.5,44.5,6.5,0,96.5,794,2323369,5748290,I35:23369-48290,1413398,5186670,BX17:1339-8667,304610
1426619,5179518,3622,Clyde at Erewhon,Erewhon,Clyde at Erewhon,C,T,2026/04/09 00:00:00+00,0,0,10.5,1.5,0,8,9.5,0,0,29.5,616,2336590,5741138,J35:36590-41138,1426619,5179518,BX18:2661-7951,305810
1407840,5160637,3627,Macauley at Mount Gerald,Mount Gerald,Macauley at Mount Gerald,C,T,2026/04/09 00:05:00+00,0,0,0.5,0.5,0,3,13.5,0,0,17.5,823,2317811,5722260,I36:17811-22260,1407840,5160637,BX17:0784-6063,306610
1366285,5153316,3629,Hooker at Aoraki/Mount Cook,Aoraki/Mount Cook,Hooker at Aoraki/Mount Cook,C,T,2026/04/09 00:00:00+00,0,6,37.5,10,0.5,30.5,95.5,5,0,185,727,2276262,5714944,H36:76262-14944,1366285,5153316,BY15:6628-5331,307001
1464849,5242602,3691,Wilberforce at Clough Memorial,Clough Memorial,Wilberforce at Clough Memorial,C,T,2026/04/09 00:00:00+00,1,10,80,18.5,0,19,92.5,20,0,240,975,2374819,5804227,K33:74819-04227,1464849,5242602,BV19:6484-4260,310311
1473464,5242142,3694,Waimakariri at Carrington,Carrington,Waimakariri at Carrington,C,T,2026/04/09 00:00:00+00,0,8.5,48,13.5,0,8,54,4.5,0,136.5,823,2383436,5803768,K33:83436-03768,1473464,5242142,BV20:7346-4214,310510
1499654,5232199,3724,Waimakariri at Grasmere,Grasmere,Waimakariri at Grasmere,C,T,2026/04/09 00:00:00+00,0,0.5,6.5,4.5,0,2.5,0.5,0,0,14.5,600,2409632,5793825,K34:09632-93825,1499654,5232199,BV21:9965-3219,311810
1515640,5225591,3725,Waimakariri at Esk,Esk,Waimakariri at Esk,C,T,2026/04/09 00:00:00+00,0,0,1,2,0,0,0,0,0,3,400,2425622,5787217,L34:25622-87217,1515640,5225591,BW21:1564-2559,311910
1501945,5195218,3744,Selwyn at 13 Mile Bush,13 Mile Bush,Selwyn at 13 Mile Bush,C,T,2026/04/09 00:00:00+00,0,0,0.5,2.5,3,7.5,0.5,0,0,14,488,2411925,5756836,L35:11925-56836,1501945,5195218,BW21:0194-9521,313710
1473413,5183006,3751,North Ashburton at Cookies Hut,Cookies Hut,North Ashburton at Cookies Hut,C,T,2026/04/09 00:00:00+00,0,0,1.5,2,0.5,2,3,0,0,9,957,2383387,5744624,K35:83387-44624,1473413,5183006,BX20:7341-8300,314411
1467334,5198315,3752,North Ashburton at Turtons Saddle,Turtons Saddle,North Ashburton at Turtons Saddle,C,T,2026/04/09 00:00:00+00,0,0,4,5,0,3.5,7,0,0,19.5,1140,2377307,5759935,K35:77307-59935,1467334,5198315,BW19:6733-9831,314412
1498383.546,5188965.082,3759,Selwyn at High Peak,High Peak,Selwyn at High Peak,C,T,2026/04/09 00:00:00+00,0,0,0.5,1.5,1.5,3.5,0,0,0,7,457,2408362,5750582,K35:08362-50582,1498383,5188965,BX21:9838-8896,314701
1443437,5179382,3770,South Ashburton at Boundary Creek,Boundary Creek,South Ashburton at Boundary Creek,C,T,2026/04/09 00:00:00+00,0,0,3,1.5,1,8.5,14,0,0,28,1118,2353408,5741001,J35:53408-41001,1443437,5179382,BX18:4343-7938,315010
1481641,5178550,3772,Pudding Hill Stream at Mount Hutt,Mount Hutt,Pudding Hill Stream at Mount Hutt,C,T,2026/04/09 00:00:00+00,2.5,2.5,0.5,2,5,9.5,7.5,0,0,27,1122,2391616,5740166,K35:91616-40166,1481641,5178550,BX20:8164-7855,315510
1510512,5187224,3787,Selwyn at Whitecliffs,Whitecliffs,Selwyn at Whitecliffs,C,T,2026/04/08 23:00:00+00,0,0,0,2.5,0,3,0,0,0,5.5,280,2420493,5748840,L35:20493-48840,1510512,5187224,BX21:1051-8722,315910
1463613,5169813,3794,South Ashburton at Mount Somers,Mount Somers,South Ashburton at Mount Somers,C,T,2026/04/09 00:00:00+00,0,0,4,2,0.5,4,1.5,0,0,12,807,2373585,5731430,K36:73585-31430,1463613,5169813,BX19:6361-6981,316310
1456745,5153185,3816,Rangitata at Klondyke,Klondyke,Rangitata at Klondyke,C,T,2026/04/09 00:10:00+00,0,0,0.5,1,7,9,12.5,0,0,30,382,2366714,5714801,J36:66714-14801,1456745,5153185,BY19:5674-5318,317210
1458077,5137426,3860,Kowhai at Blandswood,Blandswood,Kowhai at Blandswood,T,T,2026/04/09 00:00:00+00,0,0,0,1,3.5,12.5,12,0,0,29,358,2368043,5699041,J37:68043-99041,1458077,5137426,BY19:5807-3742,319211
1522871,5239373,3878,Waimakariri at Kanuka Hills,Kanuka Hills,Waimakariri at Kanuka Hills,C,T,2026/04/09 00:00:00+00,0,0.5,0.5,1.5,0,0,0,0,0,2.5,790,2432854,5801003,L33:32854-01003,1522871,5239373,BV22:2287-3937,320010
1533272,5228594,3891,Ashley at Lees Valley,Lees Valley,Ashley at Lees Valley,C,T,2026/04/09 00:00:00+00,0,0,0,1.5,1.5,4.5,0,0,0,7.5,518,2443259,5790221,L34:43259-90221,1533272,5228594,BV22:3327-2859,321212
1546497,5232921,3893,Ashley at Pig Flat,Pig Flat,Ashley at Pig Flat,C,T,2026/04/09 00:00:00+00,0,0,0,1,1,2.5,0,0,0,4.5,520,2456488,5794550,M34:56488-94550,1546497,5232921,BV23:4649-3292,321310
1568585,5231998,3898,Waipara at White Gorge,White Gorge,Waipara at White Gorge,C,T,2026/04/09 00:00:00+00,0,0,0,0.5,4.5,7,0,0,0,12,210,2478583,5793628,M34:78583-93628,1568585,5231998,BV24:6858-3199,321610
1493687,5218349,3902,Waimakariri at Cheeseman,Cheeseman,Waimakariri at Cheeseman,C,T,2026/04/09 00:00:00+00,0,0.5,1.5,3.5,0,3.5,0,0,0,9,880,2403665,5779972,K34:03665-79972,1493687,5218349,BW21:9368-1834,321710
1524807,5217689,3904,Ashley at Townshend,Townshend,Ashley at Townshend,C,T,2026/04/09 00:00:00+00,0,0,0,1.5,1.5,1,0,0,0,4,470,2434792,5779313,L34:34792-79313,1524807,5217689,BW22:2480-1768,322110
1536427,5213359,3909,Ashley at Ashley Gorge,Ashley Gorge,Ashley at Ashley Gorge,C,T,2026/04/08 23:55:00+00,0,0,0,1,2,6.5,0,0,0,9.5,260,2446415,5774982,L34:46415-74982,1536427,5213359,BW22:3642-1335,322211
1550282,5223227,3915,Okuku at Fox Creek,Fox Creek,Okuku at Fox Creek,C,T,2026/04/09 00:15:00+00,0,0,0.5,0.5,2,3.5,0,0,0,6.5,244,2460274,5784853,M34:60274-84853,1550282,5223227,BW23:5028-2322,322410
1555050,5212823,3916,Ashley at Okuku School,Okuku School,Ashley at Okuku School,C,T,2026/04/09 00:00:00+00,0,0,0,1,0.5,4.5,0,0,0,6,130,2465044,5774446,M34:65044-74446,1555050,5212823,BW23:5505-1282,322411
1568614,5198864,3939,Cust Main Drain at Threlkelds Rd,Threlkelds Rd,Cust Main Drain at Threlkelds Rd,C,T,2026/04/09 00:30:00+00,0,0,0,0.5,3.5,0,0,0,0,4,10,2478613,5760482,M35:78613-60482,1568614,5198864,BW24:6861-9886,323610
1574297,5189784,3965,"Styx at Lower Styx Rd, Spencerville (CCC)",Lower Styx Rd (CCC),"Styx at Lower Styx Rd, Spencerville (CCC)",C,T,2026/04/09 00:00:00+00,0,0,0.2,1,2.2,0.8,0,0.2,0,4.4,14,2484299,5751399,M35:84299-51399,1574297,5189784,BX24:7429-8978,324607
1570699,5189884,3966,"Styx at Tyrone St, Belfast (CCC)",Tyrone St (CCC),"Styx at Tyrone St, Belfast (CCC)",C,T,2026/04/09 00:00:00+00,0,0,0.2,0.4,6.4,0.6,0,0.2,0,7.8,19,2480699,5751499,M35:80699-51499,1570699,5189884,BX24:7069-8988,324608
1568004,5184564,3968,"Avon at Firestone Factory, Papanui (CCC)",FirestoneFactory CCC,"Avon at Firestone Factory, Papanui (CCC)",C,T,2026/04/09 00:00:00+00,0,0,0.4,0.6,2.6,0.2,0,0.2,0,4,26,2478003,5746177,M35:78003-46177,1568004,5184564,BX24:6800-8456,324610
1571972,5192819,3969,Waimakariri at Kainga Yard,Kainga Yard,Waimakariri at Kainga Yard,C,T,2026/04/09 00:30:00+00,0,0,0,1,4.5,0,0,0,0,5.5,14,2481973,5754435,M35:81973-54435,1571972,5192819,BW24:7197-9281,324611
1564901,5180987,3979,Avon at College of Education (CCC),CollegeEducation CCC,Avon at College of Education (CCC),C,T,2026/04/09 00:00:00+00,0,0,0,1.2,3,0.2,0,0,0,4.4,31,2474899,5742599,M35:74899-42599,1564901,5180987,BX24:6490-8098,325507
1569200,5180288,3999,Avon at Botanic Gardens (CCC),Botanic Gardens(CCC),Avon at Botanic Gardens (CCC),C,T,2026/04/08 23:55:00+00,0,0,0.2,0.8,1.2,0,0,0,0,2.2,17,2479199,5741899,M35:79199-41899,1569200,5180288,BX24:6920-8028,325616
1567900,5176089,4001,Heathcote at Sparks Rd (CCC),Sparks Rd (CCC),Heathcote at Sparks Rd (CCC),C,T,2026/04/09 00:00:00+00,0,0,0,1.6,2,0,0,0,0,3.6,22,2477899,5737699,M36:77899-37699,1567900,5176089,BX24:6790-7608,325618
1580295,5174690,4019,"Avon/Heathcote at Van Asch St, Sumner (CCC)",Van Asch St (CCC),"Avon/Heathcote at Van Asch St, Sumner (CCC)",C,T,2026/04/09 00:00:00+00,0,0,0.8,0.8,0,0.2,0,0,0,1.8,14,2490299,5736299,N36:90299-36299,1580295,5174690,BX24:8029-7469,325711
1527199,5171237,4024,Selwyn at Ridgens Rd,Ridgens Rd,Selwyn at Ridgens Rd,C,T,2026/04/09 00:30:00+00,0,0,0,1.5,3,4.5,0,0,0,9,120,2437184,5732848,L36:37184-32848,1527199,5171237,BX22:2719-7123,326112
1563067.374,5165567.047,4038,Halswell at Ryans Bridge,Ryans Bge,Halswell at Ryans Bridge,C,T,2026/04/09 00:30:00+00,0,2.5,0,1,0,0.5,0,0,0,4,8,2473064,5727173,M36:73064-27173,1563067,5165567,BX23:6306-6556,326512
1569400,5166693,4049,Halswell at Coopers Knob,Coopers Knob,Halswell at Coopers Knob,C,T,2026/04/09 00:25:00+00,2.5,2.5,0.5,5.5,1.5,2,0,0,0,12,400,2479399,5728299,M36:79399-28299,1569400,5166693,BX24:6940-6669,326611
1571699,5172491,4054,Heathcote at Upper Bowenvale Valley (CCC),Upper Bowenvale(CCC),Heathcote at Upper Bowenvale Valley (CCC),C,T,2026/04/08 17:30:00+00,0,0,0.2,1.4,0.4,0.6,0,0,0,2.6,351,2481699,5734099,M36:81699-34099,1571699,5172491,BX24:7169-7249,326616
1574399,5155098,4099,Kaituna at Kaituna Valley Rd,Kaituna Valley Rd,Kaituna at Kaituna Valley Rd,C,T,2026/04/09 00:05:00+00,0,0,0.5,2.5,0.5,0,0,0,0,3.5,70,2484399,5716699,M36:84399-16699,1574399,5155098,BX24:7439-5509,328711
1417662,5120611,4150,Opihi at Kimbell,Kimbell,Opihi at Kimbell,C,T,2026/04/09 00:00:00+00,0,0,2,0.5,0.5,9.5,20,0,0,32.5,482,2327624,5682236,I37:27624-82236,1417662,5120611,BY17:1766-2061,400710
1435527,5107479,4152,Opihi at Rockwood,Rockwood,Opihi at Rockwood,C,T,2026/04/09 00:00:00+00,0,0,0.5,1,1.5,7,10,0,0,20,195,2345484,5669099,J38:45484-69099,1435527,5107479,BZ18:3552-0747,400910
1413980,5104862,4161,Tengawai at MacKenzie Pass,MacKenzie Pass,Tengawai at MacKenzie Pass,C,T,2026/04/09 00:00:00+00,0,0,0,5,3,18.5,23,0,0,49.5,655,2323937,5666490,I38:23937-66490,1413980,5104862,BZ17:1398-0486,401610
1411619,5085931,4180,Hakataramea at McRaes Gorge,McRaes Gorge,Hakataramea at McRaes Gorge,C,T,2026/04/09 00:00:00+00,0,0,0.5,0.5,1.5,7,21,0,0,30.5,610,2321569,5647562,I39:21569-47562,1411619,5085931,BZ17:1161-8593,403601
1420226,5087426,4183,Rocky Gully at Rocky Gully,Rocky Gully,Rocky Gully at Rocky Gully,C,T,2026/04/09 00:00:00+00,0,0,0,2,5,12.5,27,0,0,46.5,833,2330176,5649053,J39:30176-49053,1420226,5087426,BZ18:2022-8742,403711
1431313,5077539,4200,Motukaika at Mount Nimrod,Mount Nimrod,Motukaika at Mount Nimrod,C,T,2026/04/09 00:00:00+00,0,0,0.5,2.5,3.5,17,22,0,0,45.5,354,2341257,5639162,J39:41257-39162,1431313,5077539,CA18:3131-7753,404810
1414819,5063520,4205,Hakataramea at Mount Florence,Mount Florence,Hakataramea at Mount Florence,C,T,2026/04/09 00:00:00+00,0,0,0,0,0,2,22,0,0,24,397,2324757,5625152,I39:24757-25152,1414819,5063520,CA17:1481-6352,405610
1422343,5065062,4208,Waihao North Branch at Kinbrace,Kinbrace,Waihao North Branch at Kinbrace,C,T,2026/04/09 00:00:00+00,0,0,0.5,2,4,3.5,16.5,0,0,26.5,626,2332281,5626690,J39:32281-26690,1422343,5065062,CA18:2234-6506,405711
1437006,5066885,4209,Otaio at Blue Cliffs,Blue Cliffs,Otaio at Blue Cliffs,C,T,2026/04/09 00:00:00+00,0,0,0,3.5,1.5,14,17.5,0,0,36.5,314,2346945,5628505,J39:46945-28505,1437006,5066885,CA18:3700-6688,405910
1424264,5048117,4232,Waihao South Branch at Waihaorunga,Waihaorunga,Waihao South Branch at Waihaorunga,C,T,2026/04/09 00:00:00+00,0,0,0,1,1.5,1,15,0,0,18.5,402,2334192,5609744,J40:34192-09744,1424264,5048117,CA18:2426-4811,407810
1391491,5039185,4235,Awakino at Sunny Peaks,Sunny Peaks,Awakino at Sunny Peaks,C,T,2026/04/09 00:00:00+00,0,0,0,1,0,9,23,0,0,33,1040,2301417,5600836,I40:01417-00836,1391491,5039185,CB16:9149-3918,408401
1392520,5017606,4245,Maerewhenua at Danseys Pass,Danseys Pass,Maerewhenua at Danseys Pass,C,T,2026/04/09 00:00:00+00,0,0,0,3,3.5,16,13,0,0,35.5,1100,2302429,5579260,I41:02429-79260,1392520,5017606,CB16:9252-1760,409310
1440783,5119591,4258,Opuha at Geraldine Forest,Geraldine Forest,Opuha at Geraldine Forest,T,T,2026/04/09 00:00:00+00,0,0,0,0.5,3,8.5,7.5,0,0,19.5,802,2350744,5681209,J37:50744-81209,1440783,5119591,BY18:4078-1959,410010
1452457,5122304,4262,Te Moana North Branch at Woodbury,Woodbury,Te Moana North Branch at Woodbury,T,T,2026/04/09 00:00:00+00,0,0,0,0.5,6,8,7,0,0,21.5,236,2362419,5683919,J37:62419-83919,1452457,5122304,BY19:5245-2230,410111
1446447,5111263,4280,Bush Creek at Kakahu Bush,Kakahu Bush,Bush Creek at Kakahu Bush,T,T,2026/04/09 00:00:00+00,0,0,0,1,4.5,14,11.5,0,0,31,159,2356405,5672880,J38:56405-72880,1446447,5111263,BZ19:4644-1126,411012
1453924,5045811,4335,Waihao at Poingdestres,Poingdestres,Waihao at Poingdestres,C,T,2026/04/09 00:00:00+00,0,0,0,22.5,4.5,3,13,0,0,43,2,2363852,5607419,J40:63852-07419,1453924,5045811,CB19:5392-4581,417110
1444494,5034441,4336,Broad Gully at Morven,Morven,Broad Gully at Morven,C,T,2026/04/09 00:00:00+00,0,0,0,22,9.5,4,8,0,0,43.5,198,2354413,5596054,J40:54413-96054,1444494,5034441,CB19:4449-3444,418010
1452821,5135228,4342,Orari at Mount Frances,Mount Frances,Orari at Mount Frances,C,T,2026/04/09 00:00:00+00,0,0,0,0,1,9,9.5,0,0,19.5,640,2362786,5696844,J37:62786-96844,1452821,5135228,BY19:5282-3522,419211
1333216,5110146,4346,Ahuriri at Cassinia Moraine (ESNZ),CassiniaMoraine ESNZ,Ahuriri at Cassinia Moraine (ESNZ),C,T,2026/04/08 23:00:00+00,0,4,26,4,0,2.5,60,0.5,0,97,980,2243199,5671799,G38:43199-71799,1333216,5110146,BZ14:3321-1014,491610
1328668,5092267,4352,Ahuriri at Base Hut,Base Hut,Ahuriri at Base Hut,C,T,2026/04/09 00:00:00+00,0,2,18.5,1.5,0,0,31,0,0,53,793,2238648,5653931,G38:38648-53931,1328668,5092267,BZ14:2866-9226,492610
1339635,5070428,4373,Ahuriri at South Diadem (ESNZ),South Diadem (ESNZ),Ahuriri at South Diadem (ESNZ),C,T,2026/04/09 00:00:00+00,0,0.5,3,0.5,0,2,16,0,0,22,610,2249599,5632099,G39:49599-32099,1339635,5070428,CA14:3963-7042,494711
1350319,5058032,4375,Omarama at Dunstan Peaks,Dunstan Peaks,Omarama at Dunstan Peaks,C,T,2026/04/09 00:00:00+00,0,0,2,0.5,0,0.5,25.5,0,0,28.5,582,2260271,5619703,H40:60271-19703,1350319,5058032,CA15:5031-5803,495810
1618591,5302239,4880,Conway at Cloudy Range,Cloudy Range,Conway at Cloudy Range,C,T,2026/04/09 00:00:00+00,0,0,0,0,0,1,0,0,0,1,890,2528599,5863899,N31:28599-63899,1618591,5302239,BT26:1859-0223,234201
1549898.11,5144720.433,4892,Lake Ellesmere at Taumutu,Taumutu,Lake Ellesmere at Taumutu,C,T,2026/04/09 00:30:00+00,0,2.5,0,1,0,0.5,0,0,0,4,,2459887,5706320,M36:59887-06320,1549898,5144720,BY23:4989-4472,328310
1539628,5190695,4972,Waimakariri at Poyntzs Road,Poyntzs Road,Waimakariri at Poyntzs Road,C,T,2026/04/09 00:30:00+00,0,0,0.5,1,1.5,4,1,0,0,8,165,2449617,5752311,L35:49617-52311,1539628,5190695,BW22:3962-9069,324201
1634866.8,5312033.7,4973,Kahutara at Blind Saddle,Blind Saddle,Kahutara at Blind Saddle,C,T,2026/04/09 00:00:00+00,0,0,0.5,0.5,9.5,8,0,0,0,18.5,980,2544880,5873700,O31:44880-73700,1634866,5312033,BT26:3486-1203,233402
2428755,5075370,5151,Awamata (Chatham Island) at Old Hydro Intake,Old Hydro Intake,Awamata (Chatham Island) at Old Hydro Intake,C,T,2026/01/09 08:00:00+00,0,,,,,,,,,,28,3339915,5638535,,2428755,5075370,,986200
2442995.63,5076246.134,5152,Te Awainanga (Chatham Island) at John Days,John Days,Te Awainanga (Chatham Island) at John Days,C,T,2026/04/09 00:00:00+00,0,0,0,0,0,0,0,0,0,0,95,3354193,5639486,,2442995,5076246,,986109
1368471,5093297,5235,Twizel at Meridian Substation,Meridian Substation,Twizel at Meridian Substation,C,T,2026/04/09 00:00:00+00,0,0,2,0,0,1,18,0,0,21,513,2278434,5654945,H38:78434-54945,1368471,5093297,BZ15:6847-9329,402001
1494238.725,5129856.949,5257,Hinds Plains at Willowby,Willowby,Hinds Plains at Willowby,C,T,2026/04/09 00:00:00+00,0,0,0,2.5,1,3,1,0,0,7.5,71,2404208,5691462,K37:04208-91462,1494238,5129856,BY21:9423-2985,319602
1583257.968,5288000.889,5258,Waiau Uwha at Percival,Percival,Waiau Uwha at Percival,C,T,2026/04/09 00:00:00+00,0,0,0,0,1.5,0,0,0,0,1.5,340,2493255,5849652,N32:93255-49652,1583257,5288000,BU24:8325-8800,227502
2465921.604,5101393.012,5311,The Landing (Chatham Island) at Muirsons,Muirsons,The Landing (Chatham Island) at Muirsons,C,T,2024/11/20 18:45:00+00,0,,,,,,,,,,22,3377049,5664831,,2465921,5101393,,986206
1444192,5143945,5317,Hewson at Lochaber,Lochaber,Hewson at Lochaber,C,T,2026/04/09 00:05:00+00,0,0,0.5,0.5,0,3.5,3.5,0,0,8,446,2354159,5705563,J37:54159-05563,1444192,5143945,BY19:4419-4394,318013
1369573,5044752,5318,Otematata at Glen Bouie,Glen Bouie,Otematata at Glen Bouie,C,T,2026/04/09 00:00:00+00,0,0,1,0.5,0,0.5,19.5,0,0,21.5,1053,2279509,5606416,H40:79509-06416,1369573,5044752,CB15:6957-4475,407010
1593893,5246062,5319,Waikari at Pannetts Rd,Pannetts Rd,Waikari at Pannetts Rd,C,T,2026/04/09 00:00:00+00,0,0,0,0,0.5,1.5,0,0,0,2,,2503899,5807699,N33:03899-07699,1593893,5246062,BV25:9389-4606,229910
1404177,5026388,5353,Otekaieke at Otekaieke,Otekaieke,Otekaieke at Otekaieke,C,T,2026/04/09 00:00:00+00,0,0,0,0,0,1.5,14,0,0,15.5,290,2314091,5588031,I41:14091-88031,1404177,5026388,CB17:0417-2638,408504
1597244,5149298,5413,Akaroa at Akaroa EWS (ESNZ),Akaroa EWS (ESNZ),Akaroa at Akaroa EWS (ESNZ),C,T,2026/04/08 23:00:00+00,0,0,0.6,1.2,3,0,0,0,0,4.8,45,2507254,5710895,N36:07254-10895,1597244,5149298,BY25:9724-4929,328905
1587591,5155674,5414,Wairewa at Christchurch Akaroa Highway (CCC),ChChAkaroa H/way CCC,Wairewa at Christchurch Akaroa Highway (CCC),C,T,2026/04/09 00:00:00+00,0,0,0.4,0.8,2.8,0.2,0,0,0,4.2,270,2497597,5717274,N36:97597-17274,1587591,5155674,BX24:8759-5567,327804
1608890,5287794,5418,Mason at Mason Airstrip,Mason Airstrip,Mason at Mason Airstrip,C,T,2026/04/09 00:30:00+00,0,0,0,0,1,1,0,0,0,2,794,2518897,5849448,N32:18897-49448,1608890,5287794,BU25:0889-8779,235113
1474455,5166857,5475,Bowyers at Staveley Camp,Staveley Camp,Bowyers at Staveley Camp,C,T,2026/04/09 00:00:00+00,0,0,0,0.5,1,6.5,5,0,0,13,395,2384428,5728472,K36:84428-28472,1474455,5166857,BX20:7445-6685,316404
1450610.731,5194285.938,5497,Lake Stream at Lake Stream,Lake Stream,Lake Stream at Lake Stream,C,T,2026/04/09 00:05:00+00,0,0,5.5,4.5,0,5.5,10.5,0,0,26,682,2360583,5755906,J35:60583-55906,1450610,5194285,BW19:5061-9428,313101
2437314,5080471,5501,Waitangi (Chatham Island) at Met Station,Waitangi Met Station,Waitangi (Chatham Island) at Met Station,C,T,2026/04/09 01:15:00+00,0,3,0,0,0,0,0,0,0.5,3,47,3348473,5643694,,2437314,5080471,,986207
1594464,5156604,5516,Duvauchelle CWS at Akaroa Golf Course (CCC),AkaroaGolfCourse CCC,Duvauchelle CWS at Akaroa Golf Course (CCC),C,T,2026/04/09 00:10:00+00,0,0.2,2.6,0.6,2.2,0,0,0,0,5.6,,2504473,5718204,N36:04473-18204,1594464,5156604,BX25:9446-5660,327902
1568585,5174400,5517,Upper Cashmere at Worsleys Rd (CCC),Worsleys Rd (CCC),Upper Cashmere at Worsleys Rd (CCC),C,T,2026/04/09 00:00:00+00,0,0,0.2,1.2,0.4,0,0,0,0,1.8,,2478584,5736009,M36:78584-36009,1568585,5174400,BX24:6858-7440,326617
1482748,5244677,5521,Bealey River at Arthur's Pass EWS (ESNZ),Arthur's Pass (ESNZ),Bealey River at Arthur's Pass EWS (ESNZ),C,T,2026/04/09 00:00:00+00,0,6.4,37.6,9.6,0,8,29.2,2.4,0,93.2,745,2392721,5806304,K33:92721-06304,1482748,5244677,BV20:8274-4467,219506
1447887,5086214,5528,Washdyke at Hadlow Road,Hadlow Road,Washdyke at Hadlow Road,T,T,2026/04/09 00:00:00+00,0,0,0,2,1,9.5,10,0,0,22.5,,2357836,5647829,J39:57836-47829,1447887,5086214,BZ19:4788-8621,413001
1395743,5097203,5534,Grays at Grays Hills,Grays Hills,Grays at Grays Hills,C,T,2026/04/09 00:00:00+00,0,0,1,1,0,6.5,20,0,0,28.5,525,2305700,5658839,I38:05700-58839,1395743,5097203,BZ16:9574-9720,402401
1427027,5032266,5547,Waihuna Stream at Ikawai,Ikawai,Waihuna Stream at Ikawai,C,T,2026/04/09 00:00:00+00,0,0,0.5,1.5,0,1.5,9,0,0,12.5,302,2336944,5593892,J40:36944-93892,1427027,5032266,CB18:2702-3226,408802
1426906,5137931,5554,North Opuha at Clayton Station,Clayton Station,North Opuha at Clayton Station,C,T,2026/04/09 00:00:00+00,0,0,0.5,0,1,5.5,11.5,0,0,18.5,620,2336872,5699553,J37:36872-99553,1426906,5137931,BY18:2690-3793,308801
1361856,5101885,5562,Frasers Stream at Ben Ohau,Ben Ohau,Frasers Stream at Ben Ohau,C,T,2026/04/09 00:00:00+00,0,0,4,0.5,0.5,5,26,0,0,36,607,2271824,5663532,H38:71824-63532,1361856,5101885,BZ15:6185-0188,401002
1453315,5177808,5563,Gentleman Smith Stream at Hakatare,Hakatare,Gentleman Smith Stream at Hakatare,C,T,2026/04/09 00:00:00+00,0,0,2,1.5,0,2.5,2.5,0,0,8.5,656,2363286,5739426,J36:63286-39426,1453315,5177808,BX19:5331-7780,315101
1572778,5172656,5565,Rapaki at Summit Road,Rapakai Summit Rd,Rapaki at Summit Road,C,T,2026/04/09 00:30:00+00,0,0,1,2.5,0,0,0,0,0,3.5,420,2482778,5734264,M36:82778-34264,1572778,5172656,BX24:7277-7265,325629
1655985.195,5309030.042,5576,Middle Creek at Middle Creek SH1,Middle Creek SH1,Middle Creek at Middle Creek SH1,C,T,2026/04/09 00:30:00+00,0,0,0.5,0,3,0.5,0,0,0,4,5,2566006,5870698,O31:66006-70698,1655985,5309030,BT27:5598-0903,233607
1655985.195,5309030.042,5577,Middle Creek at Middle Creek SH1,Middle Creek SH1,Middle Creek at Middle Creek SH1,C,T,2026/04/09 00:30:00+00,0,0,0.5,0,3,0.5,0,0,0,4,5,2566006,5870698,O31:66006-70698,1655985,5309030,BT27:5598-0903,233607
1422045,5191620,5578,Clyde River at Clyde,Clyde,Clyde River at Clyde,C,T,2026/04/09 00:00:00+00,0,0,20.5,12.5,0.5,11,23.5,0,0,68,1020,2332016,5753240,J35:32016-53240,1422045,5191620,BW18:2204-9162,304701
1422045,5191620,5579,Clyde River at Clyde,Clyde,Clyde River at Clyde,C,T,2026/04/09 00:00:00+00,0,0,20.5,12.5,0.5,11,23.5,0,0,68,1020,2332016,5753240,J35:32016-53240,1422045,5191620,BW18:2204-9162,304701
